{"cameraMode":{"drawMode":0,"name":"Shaded","section":"Shading Mode"},"sceneLighting":true,"audioPlay":false,"sceneViewState":{"showFog":true,"showMaterialUpdate":false,"showSkybox":true,"showFlares":true,"showImageEffects":true,"showParticleSystems":true},"in2DMode":false,"pivot":{"x":278.177734375,"y":192.2382049560547,"z":179.06935119628907},"rotation":{"x":-0.06176936998963356,"y":-0.005392557941377163,"z":0.00033376822830177844,"w":-0.9980762600898743},"size":279.1573486328125,"orthographic":false}